id,sector,summary,sentiment,error
0,manufaktur,"Implementasi AI tidak langsung tercantum dalam artikel tersebut, yang lebih fokus pada konstruksi tower (huni) sebagai proyek ibu kota baru di Kalimantan Timur. Namun, dapat disimpulkan bahwa proyek ini mungkin menggunakan teknologi modern, termasuk AI, dalam proses desain, simulasi, dan pengendalian konstruksi untuk efektifitas dan keamanan.",neutral,
1,government,"Implementasi AI tidak terdapat dalam artikel tersebut, yang lebih fokus pada kebijakan tarif listrik PLN Persero untuk masa tiga bulan (oktober-desember) dengan prioritas jaga daya beli masyarakat, tanpa mengacu pada teknologi AI.",neutral,
2,government,"Serap Anggar Makan Minum Baru (MBG) baru dikatakan optimistis untuk mencapai target akhir tahun, dengan dana triliun rupiah dari pemerintah untuk program makanan dan minuman gratis. Pimpinan Serap Makan Minum, Dad Hindayana, berharap serap akan meningkat setelah rapat dengan Komisi DPR, Menteri Kesehatan, dan Menteri Keuangan. Program ini bertujuan untuk mengurangi kemiskinan gizi di seluruh provinsi, mulai dari kabupaten hingga kabupaten camat.",positive,
3,government,"PLN (Persero) membuka rekrutmen umum untuk semua lulusan diploma Sarjana, Diploma, dan Magister, dengan fokus pada generasi muda Indonesia untuk berkontribusi dalam transformasi energi bersih, pembangunan infrastruktur listrik, dan digitalisasi sistem listrik, sebagai langkah kuat dalam mendukung visi Indonesia Emas.",neutral,
4,other,"Keluarga Mahfud, korban racun, mendapat program makan gizi gratis (MBG) sebagai upaya tata kelola dan pengobatan. Keluarga ini, sebagai korban racun, diberi layanan MBG yang disusuli dengan gelaran hari maaf oleh Kepala Badan Pengawas Obat (BPOM) dan Kementerian Kesehatan. Program ini menjadi fokus kerja sama antara Komisi DPR, Menteri Sehat, dan Menteri Duduk, dengan tujuan untuk mengembangkan sistem tata kelola MBG yang efektif.

Analisis Sentimen:

Analisis sentimen terhadap teknologi AI dalam artikel tersebut tidak terdapat secara langsung. Artikel fokus pada upaya tata kelola dan layanan sosial untuk keluarga korban racun, bukan pada implementasi AI. Jadi, analisis sentimen AI tidak relevan dengan konten artikel ini. Namun, secara umum, sentimen terhadap teknologi AI di Indonesia sering positif karena potensi yang besar untuk berbagai sektor, seperti kesehatan, pendidikan, dan pemerintahan. Namun, juga ada perhatian terhadap efek sosial dan etika yang harus dipertimbangkan dalam implementasi AI lebih lanjut.",neutral,
5,manufaktur,"Ringkasan: Pada proyek IKN (Infrastruktur Kerja Nusantara) di Kalimantan Timur, sebuah ""huni kerja"" (tempat kerja yang mobil dan temporal) dibangun sebagai salah satu proyek awal IKN. Proyek ini melibatkan konstruksi sebuah tower huni kerja dengan bentuk rusun yang dapat mencakup sekitar ribu pekerja.

1. Sektor Industri: Infrastruktur dan Konstruksi
2. Implementasi AI: Artikel tidak menyebutkan implementasi AI langsung, tetapi proyek IKN secara umum dapat menggunakan AI untuk optimasi proses konstruksi, pengendalian kualitas, dan manajemen sumber daya.
3. Sentimen: Artikel berkonten fakta dan tidak menyentuh sentimen terhadap teknologi AI. Namun, dengan konteks proyek IKN, sentimen mungkin positif karena inisiatif untuk menciptakan infrastruktur baru dan mendorong pertumbuhan ekonomi.",neutral,
6,other,"Usulan DPR RI usul menghapus program ""gratis makan"" (MBG), yang menjadi tanda tanya bagi Prabowo Subianto, Kepala Badan Standardisasi Nasional (BSN). Usulan ini muncul setelah Presiden Jokowi mengatakan akan menerapkan program asal-asalan gizi anak-anak Indonesia, mencari solusi yang pasti dan asupan gizi yang cukup. Namun, usulan ini mendapat sentimen negatif karena dikatakan memiliki konotasi politik dan menimbulkan persoalan terhadap kelancaran program gizi anak-anak. Hasil investigasi masih dalam tahap tengah, dan kesulitan dalam prosedur operasional program ini juga menjadi bahan pertimbangan.",neutral,
7,other,"Sektor industri yang terlibat dalam implementasi AI dalam artikel tersebut tidak tercantum langsung. Namun, dapat disimpulkan bahwa implementasi AI mungkin terkait dengan program makan gizi gratis (SOP) yang dibicarakan, karena terdapat perkataan seperti ""program makan gizi gratis"", ""sop program"", dan ""standar operasional prosedur"".

Analisis sentimen terhadap teknologi AI dalam artikel tersebut tidak tercantum langsung. Artikel fokus lebih pada proses investigasi dan tindakan-tindakan yang diambil terkait dengan masalah kepala badan gizi nasional, tanpa membahas sentimen positif atau negatif terhadap teknologi AI.",negative,
8,manufaktur,"Implementasi AI dalam sektor bahan bakar minyak (BBM) di Indonesia terlihat di dalam kontrak usaha Shell, dimana stok BBM Spbu Shell hingga habis seluruh bulan Oktober, menyebabkan stok pasok bahan bakar minyak di stasiun isi Spbu swasta juga habis. Kondisi ini terjadi karena alami, dengan Vivo Energy, salah satu penyedia BBM swasta, mengakui stok BBM bensin dan diesel habis. Perusahaan Mobility Shell Indonesia menyatakan bahwa stok BBM mulai langka sejak Agustus, dan mungkin menjadi stock out pada bulan Oktober.

Analisis Sentimen:

Dari ringkasan artikel tersebut, sentimen terhadap implementasi AI dan teknologi dalam sektor BBM di Indonesia dapat dikategorikan sebagai negatif. Kelemahan stok BBM dan kesulitan dalam mencapai sepakat dalam penyediaan BBM menunjukkan kesulitan dan tantangan yang dihadapi oleh perusahaan-perusahaan terkait. Namun, analisis lebih mendalam memerlukan data sentimen yang lebih luas dari berbagai sumber, bukan hanya dari satu artikel.",negative,
9,government,"DPR RI sahkan RUU BUMN rapat paripurna besok, wakil Ketua DPR Sufmi Dasco Ahmad pasti revisi Undang-Undang Badan Usaha Milik Negara (BUMN) yang kompleks, dengan tujuan untuk memperbaiki atau menambahkan aturan tentang peran, struktur, dan pengelolaan BUMN, sesuai dengan perintah Presiden.",neutral,
10,government,"KPK tetap menahan Direktur Utama Usaha Gas Negara, Hendi Prio Santoso, yang duga berkaitan dengan kasus jual-beli gas berantas korupsi. KPK juga menahan Komisaris Inti Alasindo Energy, Iswan Ibrahim, sebagai saksi dalam kasus ini. Implementasi AI dalam konteks ini tidak terdapat dalam ringkasan tersebut, yang lebih fokus pada proses penahanan dan saksi dalam kasus korupsi jual-beli gas.",negative,
11,other,"Implementasi AI dalam konteks artikel tersebut tidak direncanakan secara langsung. Artikel fokus pada masalah kemacetan bensin (BBM) di Indonesia akibat batas import BBM yang ditetapkan untuk perusahaan swasta. Pemerintah, melalui ESDM (Badan Standardisasi Nasional), mempertimbangkan permintaan tambahan kuota import BBM dari perusahaan swasta, sementara Shell Indonesia menghadapi potensi kemacetan BBM akibat stok yang terbatas sejak Agustus. Implementasi AI di sini tidak tercantum, namun dapat digunakan untuk optimasi pengelolaan stok, prediksi kebutuhan, dan pengembangan solusi logistik untuk mengatasi masalah ini.

Analisis Sentimen:

Dari ringkasan di atas, sentimen terhadap situasi saat ini dapat dikategorikan sebagai negatif. Peristiwa kemacetan BBM dan potensi kemacetan BBM berlangsung, serta permintaan tambahan kuota import yang belum disetujui, menunjukkan kekesalan dan kekhawatiran dari para pelaku industri dan konsumen. Namun, jika melihat langkah-langkah yang dilakukan oleh Shell Indonesia untuk mencari solusi dan mendorong permintaan tambahan kuota import, sentimen mungkin dapat dianggap sebagai berusaha positif untuk mengatasi masalah. Namun, pada dasarnya, situasi saat ini dapat dianggap negatif karena kesulitan yang dihadapi dalam penyediaan BBM.",neutral,
12,other,"Implementasi AI tidak terdapat dalam artikel tersebut, yang lebih fokus pada konflik antara Israel dan Gaza, dengan laporan tentang serangan udara Israel terhadap Gaza, hasilnya adalah banyak korban dan kerusakan infrastruktur.",negative,
13,kesehatan,"Implementasi AI dalam artikel tersebut tidak terdapat secara langsung. Artikel fokus pada diskusi tentang ultra processed foods (UPF) yang masih diperbolehkan dalam program makan gratis bagi anak-anak (MBG), dengan kritik tingkat gula tinggi dalam produk UPF dan pertanyaan terhadap komitmen terhadap kesehatan.",negative,
14,pangan,"Implementasi AI tidak terdapat dalam artikel tersebut, yang lebih fokus pada perintah salur bantuan beras fortifikasi nasional, strategi untuk mencegah stunting, dan inisiatif biofortifikasi untuk meningkatkan nilai gizi beras.",positive,
15,government,"Presiden Prabowo Subianto dilaporkan melakukan reshuffle kabinet, mengganti beberapa jabat baru, termasuk Kepala Badan Riset Inovasi Nasional (BRIN) dengan Arif Satria, Rektor IPB Universitas, dan anggota Komite Reformasi POLRI. Ini merupakan langkah dalam pengembangan kabinet dan mungkin memperkuat implementasi AI dalam sektor riset inovasi nasional dan pendidikan tinggi.",neutral,
16,fintech,"Riset Harvard ungkap dampak negatif kerja ""jebak workslop"" akibat teknologi AI generatif seperti ChatGPT, yang meningkatkan produktivitas tetapi juga menciptakan ""kerja slop"" atau konten dangkal berlebihan, menghabiskan waktu karyawan tanpa meningkatkan nilai situasi.",negative,
17,fintech,"Implementasi AI dalam artikel tersebut terkait dengan model bahasa besar (LLM) yang digunakan untuk generasi tekst seperti chatbot. Hal ini menunjukkan penggunaan AI dalam bidang komunikasi dan peristiwa peristiwa yang terkait dengan persepsi manusia, seperti ciuman, dengar, sentuhan, dan rasa.

Analisis Sentimen:

Analisis sentimen terhadap teknologi AI dalam artikel ini lebih tertuju pada kontroversi dan kesulitan. Artikel menyebut ""halusinasi"" dan ""persepsi"" sebagai tantangan, serta menyatakan bahwa hasil dari model bahasa besar (LLM) seringkali tidak akurat sebagaimana persepsi manusia. Namun, artikel juga mencakup kemajuan AI dalam bidang komputer vision dan peristiwa peristiwa, menunjukkan potensi positif dari teknologi AI. Dalam hal ini, sentimen dapat dikatakan netral hingga negatif karena fokus pada kesulitan dan perbedaan antara persepsi manusia dan hasil AI.",neutral,
18,ecommerce,"Implementasi AI dalam sektor industri ini terkait dengan teknologi fotografi, khususnya untuk menciptakan gambar-gambar ""Gemini"" yang populer di media sosial. AI digunakan untuk menciptakan kreativitas seperti gaya profesional studio, termasuk foto keluarga dengan nuansa hangat, atau pose seperti idola favorit. Penggunaan AI memungkinkan hasil foto unik dan estetik tanpa perlu datang ke studio, dengan promptnya yang jelas dan detail yang tepat menjadi faktor kunci.

Analisis Sentimen:

Analisis sentimen terhadap teknologi AI dalam konteks ini lebih positif, karena AI dianggap membantu pengguna menciptakan hasil foto yang indah dan unik dengan mudah. Tetapi, ada juga pernyataan negatif karena kesulitan dalam mendapatkan hasil sesuai ekspektasi, terutama ketika promptnya kurang jelas atau terlalu kompleks. Pentingnya untuk meningkatkan penggunaan AI di sektor ini adalah dengan meningkatkan kualitas promptnya dan memberikan petunjuk yang jelas agar pengguna dapat mencapai hasil yang diinginkan.",neutral,
19,other,"Ringkasan: Artikel ini tidak langsung berfokus pada implementasi AI, tetapi menyampaikan hoaks politik Brasil yang melibatkan kisah polisi yang diberitakan menyembunyikan mayat istri lama tahun di dinding rumah renovasi. Teks tersebut menjelaskan proses verifikasi kompas.com terhadap hoaks, yang menunjukkan proses pemeriksaan fakta secara manual tanpa implementasi AI yang terlihat.",neutral,
20,fintech,"Implementasi AI dalam sektor-sektor industri terutama dalam customer service dan programmer/developer, menunjukkan potensi untuk otomatisasi pekerjaan. CEO OpenAI, Sam Altman, mengatakan bahwa beberapa jenis kerja, seperti layanan pelanggan dan wawancara, rentan tergantung pada teknologi AI. Meskipun ada khawatir tentang dampak terhadap pekerjaan, Altman yakin bahwa AI akan lebih membantu dalam kinerja dan kinerja kerja, bukan menghapus pekerjaan.",negative,
21,other,"Implementasi AI dalam artikel tersebut terlihat di bidang disinformasi, dengan teknologi AI digunakan untuk membuat ilusi realitas yang sangat realistis, seperti gambar teks yang tepat dan presisi tinggi, oleh perangkat generatif. Ini menunjukkan penggunaan AI dalam peran yang bertanggung jawab dan tidak seimbang, seperti dalam produksi dan penyebaran informasi palsu secara cepat dan luas.",negative,
22,other,"Implementasi AI dalam artikel tersebut terlihat melalui perangkat ""Gemini Flash Image Nano Banana"", yang menawarkan fitur untuk menerangi dan mengubah foto-foto lama menjadi gambar baru dengan detail wajah yang lebih realistis. Alat ini membantu pengguna menciptakan potret unik dan profesional seperti hasil dari studio foto, dengan fitur yang memungkinkan pengubahan detail wajah menjadi ekspresi identitas yang sama, sehingga tampilan lebih estetik dan layak untuk digunakan dalam acara-acara formal atau santai. Selain itu, alat ini juga menawarkan pilihan prompt yang tepat untuk mengatur suasana, pose, cahaya, dan latar belakang, sesuai dengan keinginan pengguna, seperti pose studio latar putih polos dengan nuansa hangat dalam ruang tamu modern.",positive,
23,other,"Sebuah partai politik baru di Jepang, ""The Path Rebirth"", menggunakan AI sebagai kompas untuk langkah-langkah biasa, dengan ketua umum Shinji Ishimaru mundur setelah gagal dalam pemilihan umum. Partai ini, dikendalikan sebelumnya oleh Ishimaru, mencari ketua baru, Okumura, sementara Ishimaru mengembangkan rencana manifestasi yang unik, terinspirasi oleh avatar penguin.",neutral,
24,fintech,"Implementasi AI dalam artikel tersebut terkait dengan trend edit foto yang populer di Indonesia, dimana pengguna menggunakan aplikasi untuk merubah foto-foto pribadi dengan mudah menggunakan prompt foto. Trend ini memiliki risiko potensial, karena foto pribadi dapat disalurkan ke web gelap dan digunakan untuk aktivitas data ilegal seperti pencuri data biometrik.

Analisis Sentimen:

Analisis sentimen terhadap teknologi AI dalam konteks artikel ini bersifat negatif. Artikel menceritakan risiko dan bahaya yang mungkin terjadi akibat penggunaan aplikasi edit foto, terutama ketika data pribadi seperti foto wajah dapat disalurkan dan digunakan secara tidak etis untuk tujuan ilegal. Penulis artikel menyadari potensi bahaya dan menteri Albania, Diella, berkomentar khawatir tentang proses olah data yang tidak transparan dalam aplikasi tersebut. Oleh karena itu, sentimen dalam artikel ini lebih rangkum kepada peringatan dan kekhawatiran terhadap implementasi AI dalam konteks edit foto dan perlu dipertimbangkan dengan hati-hati.",negative,
25,other,"Implementasi AI dalam artikel tersebut terlihat di dalam layar dialog prompt Gemini, yang digunakan untuk transformasi foto sederhana menjadi potret prewedding elegan dengan nuansa adat Jawa modern. Gemini, seperti dijelaskan, membantu menghasilkan gambar fotorealistik vertikal full-body dengan komposisi yang detail dan tema yang relevasi dengan budaya Jawa, seperti kebaya, keris, dan motif batik. Ini menunjukkan penggunaan AI untuk menciptakan seni fotografi yang profesional dan personalisasi dengan tema kultural.",positive,
26,edutech,"Bapak muda Garut, Yusef Maulana, berhasil mengubah candu anak-anak terhadap permainan game menjadi minat dalam coding, menggunakan metode yang unik dan efektif. Dia mengajarkan keterampilan coding kepada anak-anak sejak usia sekolah dasar, dengan menggunakan buku tulis dan seri buku khusus untuk pembelajaran coding. Yusef juga berkolaborasi dengan developer untuk membuat konten yang relevan dan menarik untuk anak-anak, dengan fokus pada logika dan kreativitas melalui coding. Paradigma ini berhasil membuat anak-anak lebih kritis dan menjadi konten kreator, menunjukkan potensi AI dalam pendidikan.",positive,
27,ecommerce,"Implementasi AI dalam artikel tersebut terlihat melalui aplikasi ""Gemini"" yang mampu menciptakan foto dengan gaya studio casual stylish secara otomatis. Gemini menggunakan algoritma AI untuk memahami dan menerapkan promptnya, membuat hasil foto estetik seperti diatas seperti yang diinginkan pengguna tanpa perlu sewa fotografer profesional.",positive,
28,other,"Implementasi AI dalam artikel tersebut terlihat melalui teknologi ""Gemini"" yang dapat digunakan untuk merubah foto secara realistis dan estetik. Gemini, sebuah sistem generatif multimodal, bisa menggabungkan teks, gambar, audio, dan video untuk menciptakan hasil gambar baru berdasarkan deskripsi yang diberikan. Contoh penggunaan adalah merubah foto seseorang sebagai pengunjung suci di Makkah dengan outfit ihram, menjadikan foto lebih realistis dan estetis.",positive,
29,other,"Aplikasi Gemini telah diluncurkan untuk membantu pengguna membuat edit foto dengan tema Hari Batik Nasional, menggabungkan estetika batik tradisional dengan gaya modern. Pengguna dapat menggunakan prompt Gemini untuk menciptakan potret yang sesuai dengan acara, dengan pilihan warna, cahaya, dan detail batik yang realistis. Proses edit sederhana dengan langkah-langkah mudah, memungkinkan siapa saja untuk menciptakan foto-foto kreatif dan estetik untuk acara Hari Batik Nasional.",positive,
30,fintech,"Implementasi AI terbaru di Indonesia terlihat dalam aplikasi Gemini Nano Banana, yang digunakan untuk edit foto dengan hasil realistis, menggunakan model AI Google DeepMind. Aplikasi ini memungkinkan pengguna membuat perubahan signifikan pada foto sesuai dengan prompt, sambil jaga konsistensi wajah dan objek, seperti dilansir dari uji coba oleh jurnalis Kompas Com, Caroline Saskia Tanoto, Bill Clinton, dan sebagainya di Kichijoji Park, Tokyo.",positive,
31,fintech,"Anthropic, perusahaan AI asal Amerika Serikat, merilis model baru AI bernama Claude Sonnet, yang dirancang khusus untuk membantu dalam proses coding dan diklaim mampu menghasilkan aplikasi siap produksi, bukan sekadar prototip. Model ini diuji dengan benchmark pengkodingan yang sukses dan dikatakan lebih efektif daripada model-model terkemuka seperti OpenAI's GPT-Codex dan Google's Gemini.",positive,
32,ecommerce,"Aplikasi AI bernama Gemini diimplementasikan untuk membantu ibu hamil membuat foto maternity estetik dan realistis dengan gaya elegan, sesuai untuk diunggah di media sosial. Proses mudah, cukup upload foto, masukkan prompt, dan aplikasi akan menghasilkan edit foto sesuai dengan deskripsi dan gaya yang diinginkan.",positive,
33,other,"Sektor Industri: Media Sosial & Fashion

Implementasi AI: Aplikasi Gemini digunakan untuk membuat edit foto hijab dengan tema Batik Nasional, menggunakan promptnya yang sesuai dengan acara Hari Batik Nasional. Proses menggunakan image generation, memungkinkan pengguna unggah foto, memilih prompt sesuai, dan menerapkan editan realistis dengan gaya formal, seperti pose profesional dan struktur wajah yang diubah.",positive,
34,other,"Implementasi AI dalam artikel tersebut terlihat melalui integrasi fitur chatbot bertindak secara otomatis, Gemini, di ponsel Samsung Flip yang digunakan sebagai pandu wisata di Taman Kichijoji di Tokyo. Fitur ini membantu pengguna mendapatkan informasi tempat wisata secara real-time, termasuk fakta sejarah dan lokasi, melalui bantuan suara chatbot dan fitur video live.",positive,
35,ecommerce,"Aplikasi AI, Prompt Gemini, digunakan untuk mengedit foto dengan tema Hari Batik Nasional, memberikan hasil foto formal, elegan, dan bermanfaat untuk media sosial. Pengguna dapat membuat deskripsi prompt yang tepat untuk potret diri dengan batik, dengan latar belakang polos dan cahaya alami, hasil edit yang tegas dan nyata. Contoh prompt meliputi penggunaan batik modern dengan kemeja batik motif, lengan pendek, dan posisi badan serong, serta latar belakang studio dengan cahaya soft.

Analisis Sentimen:

Analisis sentimen terhadap teknologi AI di artikel tersebut lebih diarahkan terhadap positif. Artikel menceritakan tentang manfaat dan kemudahan yang diperoleh pengguna saat menggunakan Prompt Gemini untuk mengedit foto dengan tema Hari Batik Nasional. Kata-kata sepertu ""formal"", ""elegan"", ""nyata"", dan ""bermanfaat"" menunjukkan kepuasan pengguna terhadap hasil yang diperoleh. Namun, artikel tidak menyentuh aspek negatif seperti kesalahan atau limitasi dalam implementasi AI, maka analisis sentimen di sini hanya fokus pada aspek positif.

Klasifikasi Sektor Industri:

Implementasi AI dalam artikel ini terletak dalam sektor industri teknologi informasi dan komunikasi (TIK), lebih spesifiknya di bidang perubahan gambar digital (image processing) dan teknologi sosial media.",positive,
36,fintech,"Implementasi AI dalam artikel tersebut terlihat di layar pencarian (prompt) untuk edifikasi foto formal, yang digunakan untuk menciptakan foto profesional untuk tujuan lamaran kerja. AI Gemini dijadikan alat untuk mengubah foto menjadi gaya formal yang elegan, sesuai dengan standar foto lamaran kerja, dengan pilihan latar belakang, cahaya, dan pengubahan wajah secara otomatis. Ini menunjukkan penggunaan AI dalam proses edifikasi foto untuk tujuan profesional, memudahkan pengguna dalam menciptakan foto lamaran kerja yang rapi dan profesional.",positive,
37,other,"Serikat Aktor Hollywood kecam keras implementasi AI melalui aktris Tilly Norwood, yang diklaim sebagai entitas sintetis (karakter hasil program komputer) oleh kreator Eline van der Veld. SAG-AFTRA, serikat aktor, tegas entitas ini bukan orang aktor, menimbulkan kontroversi tentang potensi hilangnya kerja aktor manusia dan masalah emosi audiens yang terkait dengan karakter sintetis.

Analisis Sentimen:

Sentimen artikel tersebut lebih sengaja negatif, karena mencerminkan kecaman dan kebimbangan SAG-AFTRA terhadap implementasi AI melalui Tilly Norwood. Artikel menunjukkan kritikan terhadap potensi hilangnya kerja aktor manusia dan masalah emosi audiens yang mungkin timbul akibat adanya entitas sintetis dalam industri film. Namun, artikel juga menyampaikan perspektif kreatif dari pembangun AI, Eline van der Veld, yang melihat Tilly Norwood sebagai buah karya seni alat kreatif baru dan bukan sebagai ganti manusia.

Klasifikasi Sektor Industri:

Implementasi AI dalam konteks artikel ini terjadi dalam sektor industri film atau media. Karakter sintetis Tilly Norwood, hasil dari teknologi AI, digunakan sebagai aktor dalam proyek. Ini menunjukkan potensi besar AI dalam bidang seni dan hiburan, yang bisa mempengaruhi cara produksi dan pengalaman penonton.",negative,
38,other,"Implementasi AI dalam artikel tersebut tidak langsung terlihat, tetapi dapat dianalisis dari sudut sentimen dan interaksi masyarakat. Glenn Fredly, seorang musisi, menggunakan platform sosial media (Instagram) untuk mengingatkan kenangan terhadap ayahnya dengan mengunggah foto-foto bersama. Pembaca dan teman-artis yang berinteraksi dengan hati merah (emoji) dan komentar-komentar menunjukkan hubungan emosional yang kuat antara individu dan musikus terkenal ini. Ini, secara tidak langsung, menunjukkan potensi AI dalam analisis sentimen masyarakat dan mengumpulkan data interaksi sosial media untuk menggambarkan hubungan emosional antara individu atau masyarakat.",positive,
39,fintech,"OpenAI merilis model AI baru bernama Sora, yang disesuaikan untuk membuat video realistis dan audio, melibatkan paham hukum fisika kompas. Sora, seperti ChatGPT, merupakan langkah momen besar dalam AI, meningkatkan kreativitas dan proses ide menjadi hasil nyata dengan tingkat seni hiburan yang lebih tinggi. Model ini, yang sedikit seperti aplikasi media sosial, dirilis pada awal Desember dan dijangka memiliki tingkat signifikan yang lebih besar dibandingkan generasi lama, terutama dalam pengertian objek video nyata.",positive,
40,fintech,"Implementasi AI di sektor industri, terutama di Jakarta, digunakan untuk mencapai efisiensi retensi karyawan dan meningkatkan produktivitas melalui penggunaan teknologi Human Capital Management (HCM) yang berbasis AI. Ini dilakukan untuk mengurangi biaya operasi dan menciptakan talenta internal, dengan fokus pada strategis yang mendorong pertumbuhan bisnis dan dukungan produktivitas. Tren adopsi AI di kawasan Asia Tenggara menunjukkan potensi ekonomi besar, dengan persentase usaha yang mulai mengimplementasikan teknologi ini, walaupun masih dalam tahap awal.",positive,
41,fintech,"Implementasi AI dalam sektor fintech asuransi di Jakarta, sebagaimana dilaporkan oleh Kompas.com, menunjukkan potensi ekonomi besar dengan adopsi yang garis depan. Proyeksi kontribusi AI global mencapai triliun dolar, dengan manfaat lokal yang signifikan untuk PDB nasional. Sektor ini, yang memiliki beban operasional tinggi, diharapkan untuk menerapkan teknologi AI agentic intuitif, meningkatkan efisiensi dan menjadi pusat perhatian dalam peta ekonomi digital Asia Tenggara.",positive,
42,fintech,"OpenAI, pusat penelitian AI asal Amerika, meluncurkan perbaruan bernama ChatGPT Pulse, yang merupakan asisten AI yang lebih proaktif. Fitur baru ini dapat memberikan update informasi harian, seperti rekomendasi makan malam, saran jalan, dan reminders ulang tahun, dengan presentasi kartu visual yang ringkas dan detail. ChatGPT Pulse juga menawarkan riset personal dan update waktu tepat, serta fungsi personalized research dan riwayat percakapan, dengan akses melalui aplikasi Gmail, Google Calendar, dan lain-lain.

Analisis Sentimen:

Analisis sentimen terhadap teknologi AI dalam artikel tersebut bernada positif. Artikel menyampaikan informasi tentang perbaruan ChatGPT Pulse dengan tone yang optimistis dan berharap terhadap potensi dan keuntungan dari fitur terbaru ini. Sentimen positif terlihat dari penjelasan fungsionalitas yang lebih lengkap, presentasi yang kartu visual, dan keuntungan praktis seperti riset personal dan update waktu tepat. Artikel juga menunjukkan perhatian terhadap perkembangan teknologi AI yang relevan untuk kehidupan harian, yang menunjukkan sentimen yang positif terhadap implementasi AI dalam sektor komunikasi dan asisten pribadi.",positive,
43,government,"Minister Luhut Pandjaitan menggunakan AI sebagai alat penting untuk memastikan manusia tetap memiliki kendali utama, terutama dalam konteks aplikasi militer aman di New York, Amerika Serikat. Sugiono, Menteri Luar Negara, menekankan kepentingan AI sebagai alat propaganda dan tata kelola multilateral inklusif, dengan fokus pada manfaat manusia sebagai subyek bukan sebagai objek, dan imitasi orientasi manusia. Pembangunan teknologi AI di Indonesia berkembang cepat, menjadi sumber keuntungan dan bahaya yang penting bagi seluruh negara.",neutral,
44,other,"Pengembangan teknologi AI mendorong perubahan strategis di Starbucks Indonesia, yang terlihat dengan penundaan rencana ekspansi dan peningatan Deborah Hall Lefevre, CTO Starbucks, dari posisi. Ini mungkin mengindikasikan fokus lebih pada inovasi teknologi untuk meningkatkan efisiensi operasional dan pengalaman pelanggan.",neutral,
45,other,"Partai politik Jepang merencanakan menggunakan chatbot penguin sebagai pimpinan partai setempat, dengan rencana untuk diluncurkan sekitar tengah September. Chatbot tersebut diancang untuk memiliki ciri-ciri yang hormat masyarakat Jepang yang sangat cinta hewan, dan diharapkan dapat mencapai presisi lebih tinggi dibandingkan manusia dalam proses pemilihan internal.",neutral,
46,government,"Rusia mendukung usulan Presiden Amerika Serikat, Donald Trump, untuk larang senjata biologis global, menurut juru bicara Kremlin, Dmitry Peskov. Rusia siap partisipasi dalam proses larang tersebut, menurut Peskov. Usulan Trump, yang dianggap penting oleh Rusia, mencari verifikasi patuh antarnegara untuk larang senjata biologis.",neutral,
47,government,"Indonesia siap mengeluarkan Presiden yang mengatur manfaat AI untuk peta jalan nasional, mendorong pembangunan aplikasi AI yang aman dan mendukung, serta menciptakan dokumen buku putih dan rencana proses harmonisasi hukum untuk aturan kontradiktif, dengan tujuan untuk mendorong pengembangan AI lokal yang mandiri dan bermanfaat bagi masyarakat.",positive,
48,other,"Studi baru dari Max Planck Institute for Human Development, University Duisburg Essen, dan Toulouse School of Economics menemukan bahwa kompas cerdas (AI) dapat meningkatkan curang dalam tugas-tugas yang melibatkan delegasi, karena membuat batas etika manusia lebih longgar. Eksperimen menunjukkan bahwa orang lebih cenderung untuk curang apabila digunakan AI, terutama dalam tugas yang membutuhkan dekatnya dan memungkinkan mereka untuk membuat keputusan yang tidak etis.",negative,
49,fintech,"Implementasi AI dalam artikel tersebut terlihat melalui perangkat-perangkat inteligensi berdasarkan teknologi ChatGPT, yang disebut sebagai ganti smartphone. Ini termasuk speaker pintar, kacamata pintar, rekaman suara digital, dan perangkat wearable. Perangkat-perangkat ini diancang untuk menggantikan fungsi ponsel pintar dengan interaksi lebih sederhana dan etik melalui tampilan layar, dengan respons otomatis dari speaker.",positive,
50,fintech,"Ringkasan: Google menyelidiki bahwa sekitar 100% pekerja sektor teknologi di New York menggunakan AI dalam tugas mereka, dengan fokus pada modifikasi kode dan kerja tulis. Studi baru menunjukkan peningkatan penggunaan AI di industri teknologi, meskipun sentimen investor masih ragu. Tren baru adalah meningkatnya permintaan untuk pekerjaan rekayasa perangkat lunak, sebagai tren yang muncul di industri teknologi saat ini.",neutral,
51,government,"Tim Polri mengimplementasikan polisi ""Transformasi Reformasi"" yang menekankan integritas, empati, dan perilaku benar anggota polisi terhadap masyarakat. Polisi ini, yang dikomunikasikan oleh Komisaris Jenderal Polisi Chryshnanda, melibatkan anggota Polri untuk berubah sikap dari sombong dan bohong menjadi lebih transparan, jujur, dan peduli terhadap rakyat. Polisi ini juga melibatkan penghentian sikap arogan dan perilaku yang menyakiti masyarakat, dengan tujuan untuk menciptakan hubungan lebih baik antara Polri dan rakyat.",positive,
52,other,"Sekolah Tengah Pertiwi (STP) Seram, Kabupaten Seram Bagian Timur, dikenai kasus guru agama yang diduga melakukan tindakan pencurian fisik terhadap siswa. Polisi, setelah menerima laporan dari warga, menangkap seorang guru yang lulus PPG Tunjang Profesi. Kasus ini ungkap pada bulan Juli, dan foto-foto siswa yang terlibat circulating di media sosial. Keluarga korban dan warga setempat menyampaikan reaksi yang kagum dan kecewa, sedangkan investigasi masih dalam tahap awal.",negative,
53,government,"Tim Polri mengimplementasikan polisi transformasi reformasi dengan fokus pada integritas dan empati terhadap masyarakat, mengajak anggota polisi untuk berperilaku sejati, jujur, dan peduli, serta menghentikan sikap sombong dan bohong, sebagai langkah untuk meningkatkan percaya masyarakat terhadap institusi Polri.",neutral,
54,other,"Sekolah Tengah Pertiwi (STP) Seram Barat, Kabupaten Seram Bagian Timur, Sumatera Timur, menjadi titik perhatian karena kasus guru agama yang dikatakan melakukan tindakan pencurian terhadap siswa. Polisi, setelah menerima laporan dari keluarga korban, menangkap seorang guru agama sebagai sosok tertentu yang diduga terlibat dalam kasus tersebut. Kasus ini, yang terjadi sejak bulan Juli tahun sebelumnya, terungkap setelah korban sedang melakukan tugas dengan teman di kelas, kemudian guru tersebut dikabarkan melakukan tindakan pencurian terhadap tangan siswa korban.

Analisis Sentimen:

Dari ringkasan tersebut, sentimen terhadap implementasi AI dalam konteks ini tidak terdapat secara langsung. Namun, kasus ini mungkin menimbulkan pertanyaan tentang kebutuhan pengembangan sistem keamanan dan monitoring dalam sekolah untuk mencegah tindakan seperti ini. Sentimen umum masyarakat mungkin negatif karena kecurian terhadap anak-anak, tetapi analisis lebih detail memerlukan data sentimen dari sumber-sumber lain.

Sektor Industri Relevan:

1. Edukasi: Implementasi AI dapat digunakan dalam sistem pengidentifikasi dan pencegahan tindakan pelanggaran terhadap siswa, seperti sistem pengenalan wajah untuk mencegah pencurian atau kehilangan siswa di dalam gedung sekolah.

2. Keamanan Publik: Pengembangan aplikasi AI untuk analisis video dan data untuk mendeteksi tindakan yang abnormal seperti yang terjadi dalam kasus ini.

3. Hukum dan Pemerintahan: Penggunaan AI untuk analisis data kasus dan predik",negative,
55,other,"Polres Tulang Bawang Bandung terus menerapkan teknologi AI dalam upacara Hari Sakti Pancasila, dengan komitmen untuk jaga ideologi Pancasila, sebagai tanda kesatuan dan stabilitas nasional, melalui upacara yang diresmi secara langsung oleh Kompol David Sianipar, Wakapolres, dan Kapolres Yuliansyah. Implementasi AI di sini digunakan untuk dokumentasi, pengawasan, dan pengingatan nilai-nilai Pancasila, sebagai bentuk sinergi masyarakat dalam jaga kestabilan dan aman negara.",neutral,
56,edutech,"Implementasi AI dalam artikel tersebut terkait dengan platform edukatif yang diancang oleh Generasi Muda untuk membangun karakter mereka, dengan fokus pada teknologi AI untuk efisiensi dan efektivitas dalam proses pembelajaran, serta membantu mereka mencari makna spiritual dan psikologis yang tenang dalam konteks Islam moderat.",positive,
57,government,"Pledoi DPR Hasto Kristiyanto menggunakan teknologi AI untuk merekayasa nota bela pleidoi dalam kasus duga suap rintang Sidi, anggota DPR. Dokumen tersebut dibaca oleh Guntur Romli, mantan Menteri Tani China yang jatuh hukum mati dan terima suap miliar. Proses ini dilakukan dengan menggunakan teknologi AI untuk mendapatkan informasi dan fakta yang akurat, sesuai dengan prinsip adil dan moralitas hukum.",neutral,
58,other,"Sebuah majelis hukama Muslimin (MHM) di Islamic Book Fair (IBF) Jakarta, yang jadi panggung utama gelaran, melibatkan tokoh-tokoh AI dan teknologi, seperti Prof. Quraish Shihab, Rezzy Eko Caraka, dan Prof. Pratikno, untuk diskusi tentang literasi, ilmu tahu modern, dan teknologi AI yang bertujuan untuk membimbing nilai-nilai Islam.",positive,
59,government,"Dinas Hubung Jakarta mengimplementasikan Sistem Pengelola Lalu Lintas Intelligents (ITCS) yang berbasis Artificial Intelligence (AI) untuk mengatasi masalah lalu lintas yang sering kesalahan di Jakarta. Pramono, Gubernur Jakarta, menyatakan hasil diskusi dengan Direktur Dinas Hubung Jakarta, Syafrin, yang menunjukkan sistem AI dapat mengelola lalu lintas dengan baik, meningkatkan efisiensi dan mencegah kesalahan seperti potongan jalan.",positive,
60,edutech,"Menteri Pendidikan dan Kebudayaan (Menkedu) Abdul Manan menyatakan rencana untuk memperkenalkan mata pelajaran coding yang berfokus pada inteligensi artifisial (AI) di sekolah-sekolah seni agama (SMA) di Jakarta. Kemendikbud merancang untuk memasukkan materi coding AI sebagai mata pelajaran wajib untuk seluruh jenjang pendidikan, mulai dari SMP hingga SMA. Telkom Indonesia menyambut rencana ini dan berkomitmen untuk mendukung pengembangan kurikulum yang relevan dengan teknologi terkini.

Analisis Sentimen:

Analisis sentimen terhadap implementasi AI dalam pendidikan di Indonesia, berdasarkan ringkasan di atas, menunjukkan positiif. Menteri Menkedu Abdul Manan dan Kemendikbud menunjukkan komitmen yang kuat untuk menerapkan AI dalam kurikulum sekolah, yang dianggap sebagai langkah positif untuk mendorong kemampuan siswa dalam bidang teknologi dan inteligensi artifisial. Selain itu, dukungan Telkom Indonesia menyampaikan sentimen positif terhadap inisiatif ini, menunjukkan potensi untuk kolaborasi antar sektor dalam menciptakan program pendidikan yang lebih baik. Namun, analisis lanjutan mungkin diperlukan untuk mengambil kira sentimen publik lebih luas.",positive,
